NOMBRE,EMAIL,DNI
Roley,rprickett0@usgs.gov,18629557
Nicolis,nroches1@twitpic.com,30822227
Marcus,mblyden2@soundcloud.com,18452878
Casey,cteague3@shop-pro.jp,15125808
Faye,falexandersen4@fastcompany.com,15196276
Francine,fpoulston5@state.tx.us,22169458
Chester,csnelgrove6@mapquest.com,30739088
Bonnie,bherrero7@xing.com,32894631
Danice,dazema8@sogou.com,32719893
Flossie,froblinp@mashable.com,28491160
Jodie,jgwyera@harvard.edu,26326248
Taddeusz,tgoresb@t-online.de,32606459
Gussi,gwaplesc@seesaa.net,23527580
Reilly,rdumphyd@freewebs.com,28413813
Dall,dwranklinge@fda.gov,26319141
Rosemonde,rseagrovef@unesco.org,28897915
Barbette,bsaunterg@microsoft.com,21512742
Loria,ltraytonh@dedecms.com,27952354
Geri,gwhitbreadj@upenn.edu,23903157
Halette,hlindermannk@comcast.net,19785378
Rhonda,rlohoarl@hibu.com,26047302
Corrie,cmacpadenem@admin.ch,17846170
Delora,dnowlandn@cmu.edu,29505116
Jordana,jannello@goo.ne.jp,27294746
Brendis,bfigliovanniq@yolasite.com,31052921
Gabrielle,gcubbinr@wunderground.com,33461763
Frayda,fjurkiewiczs@foxnews.com,20634425
Dorita,dbefroy2p@zimbio.com,24752093
Roby,rughiu@whitehouse.gov,15117341
Giavani,garklev@unc.edu,14275633
Julius,jluckesw@fc2.com,31809006
Maure,mhattersleyx@senate.gov,30711859
Julianna,jblazay@arstechnica.com,30543445
Holt,hguppy10@nih.gov,21584933
Gabi,ghedgecock11@rambler.ru,29399075
Lurlene,lwimp12@nhs.uk,25803763
Will,wdanzelman13@reference.com,13865149
Brenden,bcasassa14@imgur.com,25882180
Barnaby,baleveque15@odnoklassniki.ru,18073544
Josi,jwoofenden17@macromedia.com,21031208
Laurene,lhadfield18@csmonitor.com,24254170
Madella,mseivwright19@scientificamerican.com,33059813
Esta,elatehouse1a@google.co.uk,21015130
Karena,kwoolley1b@noaa.gov,18279307
Sharlene,scampbelldunlop1c@booking.com,13833560
Jillayne,jpoff1d@studiopress.com,28110258
Theobald,trozsa2d@state.gov,30899174
Morissa,mofairy1f@narod.ru,29817190
Denis,dlarret1g@hp.com,16450138
Emmy,ebill1h@noaa.gov,31080129
Angelle,amcgreil1i@gizmodo.com,27039924
Randa,rrobillart1j@sciencedirect.com,18676470
Brion,bbrimilcombe1k@umich.edu,22552481
Kirsteni,kkeyhoe1l@livejournal.com,33994317
Ignatius,ichampley1m@sohu.com,33264191
Fabe,fglanester1n@clickbank.net,25377201
Mabelle,mgrunnell1o@eepurl.com,21318587
Anitra,agymblett1q@plala.or.jp,25459300
Thaxter,trivelin1r@businesswire.com,31440363
Evvie,eterron1t@uiuc.edu,33796808
Tana,tlobe1u@hp.com,31577902
Bennett,boloinn1v@reuters.com,25244081
Patti,plevesley1w@wikipedia.org,14236239
Almire,avonhagt1x@issuu.com,20452511
Jenine,jgruszecki1y@columbia.edu,30736177
Leta,lloffill1z@bloglovin.com,23789572
Otto,ofearns20@unblog.fr,14662325
Rikki,rkirby22@webmd.com,14372089
Moll,mbadland23@theguardian.com,20775225
Aurlie,abatham24@ebay.co.uk,21740629
Dimitri,ddunstone25@yale.edu,31816294
Chrystel,cgeekin26@naver.com,32088175
Jarib,jsiegertsz27@admin.ch,17303353
Jemimah,jpedron28@soup.io,18349518
Jenda,jdomokos29@desdev.cn,31065051
Suzanne,stansley2a@apple.com,21646759
Lilah,lpisco2b@google.nl,18420434
Eadith,eciccottio2c@1und1.de,33706394
Rudolph,rbroader2f@scientificamerican.com,27321231
Bone,bburgett2g@wikipedia.org,27707058
Findlay,ftapenden2h@simplemachines.org,31111956
Nicky,npover2i@scribd.com,32425811
Netti,nmciver2j@ycombinator.com,15856297
Gianni,gdanne2k@imgur.com,20288187
Paulo,pmudd2l@xing.com,13059659
Connor,cbartholin2m@fastcompany.com,33160042
Arabel,akisting2n@bing.com,16494718
Alfonso,atrillow2o@eventbrite.com,25383482
Nerte,nkennaway2q@cafepress.com,32334534
Gallagher,glambeth2r@parallels.com,30269917
Hubey,hsutherden2e@ifeng.com,22152984
Greggory,gnibley9@ihg.com,30808771
Yancy,ycampsalli@tuttocitta.it,30370456
Cayla,cjoant@issuu.com,33773746
Shell,shindshawz@moonfruit.com,20150942
Salem,scrolly16@is.gd,32664447
Delphine,dbellsham1e@e-recht24.de,22379022
Waite,waspital1p@utexas.edu,33425230
